,file,input_text,target_text
123,CMU/AFGP-2002-600002-Trans.xml,LU Factuality: Choosing the Location,"(Choosing, true)"
124,CMU/AFGP-2002-600002-Trans.xml,"LU Factuality: Choosing mountainous locations, preferably 1-3 hours from main cities, which have water resources.","(Choosing, true); (have, true)"
125,CMU/AFGP-2002-600002-Trans.xml,LU Factuality: Being close to cities is important in order to have important services.,"(is, true); (Being, true); (have, unknown)"
126,CMU/AFGP-2002-600002-Trans.xml,"LU Factuality: If a mountainous location is unviable, then choose a location next to official Buidings so as to avoid being bombarded.","(choose, true); (is, true); (avoid, unknown); (bombarded, false)"
127,CMU/AFGP-2002-600002-Trans.xml,"LU Factuality: Again, if the above is not possible, then choose a location next to residential areas, for the same reason as above.","(choose, true); (reason, true); (is, true)"
128,CMU/AFGP-2002-600002-Trans.xml,LU Factuality: The location should be away from airports and main highways.,"(should, true); (be, unknown)"
129,CMU/AFGP-2002-600002-Trans.xml,LU Factuality: It is preferable it has its own private access in order to protect it and control it better.,"(has, true); (is, true); (control, unknown); (protect, unknown)"
130,CMU/AFGP-2002-600002-Trans.xml,LU Factuality: Protection Methods,"(Protection, true)"
131,CMU/AFGP-2002-600002-Trans.xml,LU Factuality: Outside Protection:,"(Outside, true)"
132,CMU/AFGP-2002-600002-Trans.xml,LU Factuality: Human protection,"(protection, true); (protection, true)"
133,CMU/AFGP-2002-600002-Trans.xml,LU Factuality: - Patrols close to locations,"(Patrols, true)"
134,CMU/AFGP-2002-600002-Trans.xml,LU Factuality: - Patrols distant from the location.,"(Patrols, true)"
135,CMU/AFGP-2002-600002-Trans.xml,LU Factuality: Animal protection: ,"(protection, true)"
136,CMU/AFGP-2002-600002-Trans.xml,LU Factuality: Electronic protection: ,"(protection, true)"
137,CMU/AFGP-2002-600002-Trans.xml,LU Factuality: Permanent Protection:,"(Protection, true)"
138,CMU/AFGP-2002-600002-Trans.xml,LU Factuality: They are erected according to the nature of the location.,"(according, true); (erected, true)"
139,CMU/AFGP-2002-600002-Trans.xml,LU Factuality: They can take one of the following forms:,"(take, true)"
140,CMU/AFGP-2002-600002-Trans.xml,LU Factuality: Insert 4 inch pipes in the ground at 50 centimeters apart and a height of one meter then fill them with cement.,"(fill, true); (Insert, true)"
141,CMU/AFGP-2002-600002-Trans.xml,"LU Factuality: They are filled with cement and place around the building, especially at the entrance to prevent cars from crashing into it.","(place, true); (filled, true); (crashing, true); (prevent, unknown)"
142,CMU/AFGP-2002-600002-Trans.xml,LU Factuality: They are better than road bumps because they are harder to see.,"(are, true); (are, true); (see, true)"
143,CMU/AFGP-2002-600002-Trans.xml,LU Factuality: The ditch should be 30 centimeters deep and 20 centimeters wide.,"(should, true); (be, unknown)"
144,CMU/AFGP-2002-600002-Trans.xml,LU Factuality: Passage ways for cars and pedestrians should be designated.,"(should, true); (Passage, true); (designated, unknown)"
145,CMU/AFGP-2002-600002-Trans.xml,LU Factuality: Road bumps: Six successive bumps should be constructed at 500 meters from the location.,"(should, true); (constructed, unknown)"
146,CMU/AFGP-2002-600002-Trans.xml,"LU Factuality: The distance between the first and fourth bump should be 100 meters, and the distance between the fourth and the sixth should be 50 meters, so cars cannot travel fast in the direction of the building.","(travel, true); (should, true); (should, true); (be, unknown); (be, unknown)"
147,CMU/AFGP-2002-600002-Trans.xml,"LU Factuality: Barbed Wires: They should be placed around the building, around the walls, or on top of the walls.","(should, true); (placed, unknown)"
148,CMU/AFGP-2002-600002-Trans.xml,LU Factuality: These are placed at the main gate in order to puncture the tires of any car crashing in.,"(placed, true); (crashing, true); (puncture, unknown)"
149,CMU/AFGP-2002-600002-Trans.xml,LU Factuality: Fences are the best form of permanent protection.,"(are, true); (protection, true)"
150,CMU/AFGP-2002-600002-Trans.xml,LU Factuality: It shields off all activities which take place inside the location.,"(shields, true); (activities, true); (take, true)"
151,CMU/AFGP-2002-600002-Trans.xml,LU Factuality: The following should be considered when erecting fences:,"(erecting, true); (should, true); (considered, unknown)"
152,CMU/AFGP-2002-600002-Trans.xml,"LU Factuality: The fence which is built out of bricks or concrete should be 4 meters high, then topped with one meter high barbed wire fence.","(topped, true); (should, true); (built, true); (be, unknown)"
153,CMU/AFGP-2002-600002-Trans.xml,LU Factuality: It is preferable that the barbed wires slant outwards at a 70 degrees angle.,"(slant, true); (is, true)"
154,CMU/AFGP-2002-600002-Trans.xml,LU Factuality: The thickness of the fence should be 60 cm and the distance between it and the building should be 2 meters.,"(should, true); (should, true); (be, unknown); (be, unknown)"
155,CMU/AFGP-2002-600002-Trans.xml,LU Factuality: Secret gates should be built 50 meters apart to be used for emergency only.,"(used, true); (should, true); (built, unknown)"
156,CMU/AFGP-2002-600002-Trans.xml,"LU Factuality: However, they should not be identifiable from the outside part of the fence.","(should, true); (be, unknown)"
157,CMU/AFGP-2002-600002-Trans.xml,LU Factuality: It is preferable that any location has only 2 emergency gates and far away from one another.,"(has, true); (is, true)"
158,CMU/AFGP-2002-600002-Trans.xml,LU Factuality: No other outside gates should be erected.,"(should, true); (erected, unknown)"
159,CMU/AFGP-2002-600002-Trans.xml,"LU Factuality: If it is necessary to have an outside entrance for the control tower, then access to the location should not be constructed.","(should, true); (have, true); (access, true); (constructed, unknown); (is, false)"
160,CMU/AFGP-2002-600002-Trans.xml,"LU Factuality: If the location is in a highly dangerous zone, then two parallel fences should be built to be 3 meters apart.","(be, true); (should, true); (built, unknown); (is, false)"
161,CMU/AFGP-2002-600002-Trans.xml,LU Factuality: The space between the two fences could be mined in order to prevent infiltration.,"(could, true); (mined, unknown); (prevent, unknown)"
162,CMU/AFGP-2002-600002-Trans.xml,LU Factuality: It is preferable the fence be square or rectangular in shape.,"(is, true); (be, true)"
163,CMU/AFGP-2002-600002-Trans.xml,LU Factuality: A circular shaped fence is harder to protect because of hidden angles.,"(is, true); (protect, true)"
164,CMU/AFGP-2002-600002-Trans.xml,LU Factuality: Parking areas are of importance because most sabotage operations are done with cars.,"(done, true); (are, true); (operations, true)"
165,CMU/AFGP-2002-600002-Trans.xml,"LU Factuality: Therefore, it is important to adopt following:","(adopt, true); (is, true)"
166,CMU/AFGP-2002-600002-Trans.xml,LU Factuality: The parking lot should be 50 meters away from the fence.,"(should, true); (be, unknown)"
167,CMU/AFGP-2002-600002-Trans.xml,"LU Factuality: If the nature of the terrain does not allow it, then it should be on the other side of the road.","(should, true); (be, unknown); (allow, false)"
168,CMU/AFGP-2002-600002-Trans.xml,"LU Factuality: Under no circumstance a car, even that which belongs to the location should be permitted to park next to the fence.","(belongs, true); (should, true); (circumstance, true); (park, true); (permitted, unknown)"
169,CMU/AFGP-2002-600002-Trans.xml,LU Factuality: Assign a parking spot for visitors which would not make them feel insulted.,"(would, true); (insulted, true); (Assign, true); (make, unknown)"
170,CMU/AFGP-2002-600002-Trans.xml,LU Factuality: Usually such parking spots are on the side of the lot.,"(are, true)"
171,CMU/AFGP-2002-600002-Trans.xml,LU Factuality: Inside parking lot should be strictly designated to the location's cars in order to protect them from sabotage.,"(sabotage, true); (should, true); (protect, unknown); (designated, unknown)"
172,CMU/AFGP-2002-600002-Trans.xml,"LU Factuality: Also, the visitors with high security clearance should be designated parking spots inside the location.","(clearance, true); (should, true); (designated, unknown)"
173,CMU/AFGP-2002-600002-Trans.xml,LU Factuality: Cars parked inside the location should have their front facing the fence so they could be used quickly in case of emergency.,"(could, true); (should, true); (facing, true); (parked, true); (used, unknown); (have, unknown)"
174,CMU/AFGP-2002-600002-Trans.xml,LU Factuality: All parking regulations of the location should be followed strictly followed.,"(should, true); (followed, unknown)"
175,CMU/AFGP-2002-600002-Trans.xml,LU Factuality: Some buses should be exposed and others should be camouflaged.,"(should, true); (should, true); (camouflaged, unknown); (exposed, unknown)"
176,CMU/AFGP-2002-600002-Trans.xml,LU Factuality: The buses should have the following:,"(should, true); (have, unknown)"
177,CMU/AFGP-2002-600002-Trans.xml,LU Factuality: Wireless equipment to report dangerous activities,"(activities, true); (report, unknown)"
178,CMU/AFGP-2002-600002-Trans.xml,LU Factuality: Writing materials to jot down suspicious activities or license plate numbers.,"(activities, true); (jot, unknown)"
179,CMU/AFGP-2002-600002-Trans.xml,LU Factuality: Sand bags arounf the busses to protect them from gun fire.,"(fire, true); (protect, unknown)"
180,CMU/AFGP-2002-600002-Trans.xml,LU Factuality: These are camouflaged to look like commercial companies' vehicles or traveling salesmen's vehicles.,"(camouflaged, true); (look, unknown)"
181,CMU/AFGP-2002-600002-Trans.xml,LU Factuality: They are entrusted with the task of tracking down the movement of strangers who are approaching the location.,"(task, true); (entrusted, true); (approaching, true); (movement, true); (tracking, true)"
182,CMU/AFGP-2002-600002-Trans.xml,LU Factuality: The objective of having kiosks is they serve as communication points between the guards and the visitors or those who are approaching the building and deal with them according to their requirements.,"(objective, true); (having, true); (is, true); (serve, true); (points, true); (approaching, true); (deal, true); (according, true); (requirements, true)"
183,CMU/AFGP-2002-600002-Trans.xml,LU Factuality: Kiosks should be placed at entrance gates to check visitors when approaching the building.,"(should, true); (approaching, true); (placed, unknown)"
184,CMU/AFGP-2002-600002-Trans.xml,LU Factuality: Kiosks should be placed at key important locations where24 hour security watch is required.,"(should, true); (required, true); (placed, unknown)"
185,CMU/AFGP-2002-600002-Trans.xml,"LU Factuality: The Kiosk should be designed to stand all weather conditions, and provide a full coverage of the area it is placed at.","(placed, true); (should, true); (coverage, true); (stand, unknown); (provide, unknown); (designed, unknown)"
186,CMU/AFGP-2002-600002-Trans.xml,"LU Factuality: The Kiosk should be equipped with wireless communication equipment, and a mechanist to open and close the gate automatically.","(should, true); (equipped, unknown); (open, unknown)"
187,CMU/AFGP-2002-600002-Trans.xml,"LU Factuality: Direct the visitors' cars to special parking spots, away from the fence and the control tower.","(Direct, true)"
188,CMU/AFGP-2002-600002-Trans.xml,LU Factuality: The following should be observed:,"(should, true); (should, true); (observed, unknown); (observed, unknown)"
189,CMU/AFGP-2002-600002-Trans.xml,"LU Factuality: The lower part of the tower should serve as a shelter for the guards, when needed.","(should, true); (serve, unknown); (needed, false)"
190,CMU/AFGP-2002-600002-Trans.xml,LU Factuality: Going up the tower should be from inside.,"(Going, true); (should, true)"
191,CMU/AFGP-2002-600002-Trans.xml,"LU Factuality: The towers should be located in a manner where they can easily communicate with one another, and totally cover the area they are guarding.","(should, true); (cover, true); (communicate, true); (guarding, true); (located, unknown)"
192,CMU/AFGP-2002-600002-Trans.xml,LU Factuality: They should have telescopes in order to constantly control the areas around them.,"(should, true); (control, unknown); (have, unknown)"
193,CMU/AFGP-2002-600002-Trans.xml,LU Factuality: Entrances to the towers should be totally camouflaged.,"(should, true); (be, unknown)"
194,CMU/AFGP-2002-600002-Trans.xml,LU Factuality: They should have a protruding area to better control their surroundings.,"(should, true); (have, unknown); (control, unknown)"
195,CMU/AFGP-2002-600002-Trans.xml,LU Factuality: Outside Patrols,"(Patrols, true)"
196,CMU/AFGP-2002-600002-Trans.xml,LU Factuality: The locality cannot be fully protected without having patrols roaming on the outside area of the fence.,"(protected, true); (having, true); (roaming, true)"
197,CMU/AFGP-2002-600002-Trans.xml,"LU Factuality: The above mentioned protection procedures are only for observation purposes, while patrols check the fences, the barriers, and the towers, and submit periodic reports on their findings.","(reports, true); (findings, true); (check, true); (submit, true); (procedures, true); (are, true)"
198,CMU/AFGP-2002-600002-Trans.xml,LU Factuality: It also checks on guard posts.,"(checks, true)"
199,CMU/AFGP-2002-600002-Trans.xml,LU Factuality: They also engage with persons approaching the locality and support the guards in their duties.,"(duties, true); (approaching, true); (support, true); (engage, true)"
200,CMU/AFGP-2002-600002-Trans.xml,LU Factuality: They also provide extra fire power in when guards or other patrols are engaged in a gun battle.,"(power, true); (provide, true); (engaged, false); (battle, false)"
201,CMU/AFGP-2002-600002-Trans.xml,LU Factuality: These patrols are formed as follows:,"(formed, true)"
202,CMU/AFGP-2002-600002-Trans.xml,LU Factuality: Single patrols which consist of two people checking the outside area of the location.,"(checking, true); (consist, true); (patrols, true)"
203,CMU/AFGP-2002-600002-Trans.xml,"LU Factuality: Common patrols which consist of one man and a dog, also checking the outside area of the location.","(checking, true); (consist, true); (patrols, true)"
204,CMU/AFGP-2002-600002-Trans.xml,"LU Factuality: These patrols tour the area during specific times such as, dinner, dawn, dusk, and midnight.","(tour, true)"
205,CMU/AFGP-2002-600002-Trans.xml,"LU Factuality: The patrol should be armed with light weapon such as Kalashnikovs and RPGs, and cover the area on foot.","(should, true); (cover, true); (armed, unknown)"
206,CMU/AFGP-2002-600002-Trans.xml,LU Factuality: Area Patrols,"(Patrols, true)"
207,CMU/AFGP-2002-600002-Trans.xml,LU Factuality: These patrols comb the greater area surrounding the location periodically; anywhere between 3 and four times a week The patrol should be lead by a security officer in order to take immediate actions if the need arises.,"(should, true); (comb, true); (lead, unknown); (arises, false); (take, unknown)"
208,CMU/AFGP-2002-600002-Trans.xml,"LU Factuality: Also, the duty of area patrols is to discover new paths and shelters in the area in order to hide fighters after a Jihad operation against the enemy.","(operation, true); (is, true); (duty, true); (hide, unknown)"
209,CMU/AFGP-2002-600002-Trans.xml,LU Factuality: The area patrol is different from the single patrol in that:,"(is, true)"
210,CMU/AFGP-2002-600002-Trans.xml,LU Factuality: It has a vehicle equipped with a machine gun.,"(has, true); (equipped, true)"
211,CMU/AFGP-2002-600002-Trans.xml,"LU Factuality: It can use horses to canvass the area, but the patrol should be formed of 2 or 3 people at least.","(use, true); (should, true); (formed, unknown); (canvass, unknown)"
212,CMU/AFGP-2002-600002-Trans.xml,LU Factuality: Internal Protection,"(Protection, true)"
213,CMU/AFGP-2002-600002-Trans.xml,LU Factuality: This kind of protection should be done without drawing attention so that people inside the location would feel at ease.,"(protection, true); (should, true); (drawing, true); (would, true); (feel, unknown); (done, unknown)"
214,CMU/AFGP-2002-600002-Trans.xml,LU Factuality: The location should have a fence with towers that is equipped with visual and aural equipment.,"(should, true); (equipped, true); (have, unknown)"
215,CMU/AFGP-2002-600002-Trans.xml,LU Factuality: First: Guarding,"(Guarding, true)"
216,CMU/AFGP-2002-600002-Trans.xml,LU Factuality: Second: Regulations for Visitors and their Belongings,"(Regulations, true)"
217,CMU/AFGP-2002-600002-Trans.xml,LU Factuality: A strict control system should cover the above items.,"(should, true); (cover, unknown)"
218,CMU/AFGP-2002-600002-Trans.xml,LU Factuality: Third: Defense Plan ­ Firefighting,"(Plan, true)"
219,CMU/AFGP-2002-600002-Trans.xml,LU Factuality: A 70 meters long hose of one inch thickness should be placed next to each faucet.,"(should, true); (placed, unknown)"
220,CMU/AFGP-2002-600002-Trans.xml,LU Factuality: Abu Khalil...Rida...Sa`d are responsible for the first faucet.  ,"(are, true)"
221,CMU/AFGP-2002-600002-Trans.xml,LU Factuality: Khaled...Abdul Muhaymen... al-Aswani are responsible for the second faucet.,"(are, true)"
222,CMU/AFGP-2002-600002-Trans.xml,LU Factuality: The other residents are responsible for the guests' quarters.,"(are, true)"
223,CMU/AFGP-2002-600002-Trans.xml,LU Factuality: Next to each faucet place 6 pails of sand for emergency use.,"(place, true)"
224,CMU/AFGP-2002-600002-Trans.xml,LU Factuality: A special water tank to be erected on top of Sheikh Said's kiosk.,"(erected, true)"
225,CMU/AFGP-2002-600002-Trans.xml,"LU Factuality: Place 3 fire extinguishers: one in the infirmary, one in the school and one in the guest house.","(Place, true)"
226,CMU/AFGP-2002-600002-Trans.xml,"LU Factuality: In case of fire, all people are evacuated to safe places.","(evacuated, true)"
227,CMU/AFGP-2002-600002-Trans.xml,LU Factuality: Separate furniture from the rest of the house if possible so the fire will not spread.,"(Separate, true); (spread, true)"
228,CMU/AFGP-2002-600002-Trans.xml,LU Factuality: Train women on the use of lanterns and candles.,"(use, true); (Train, true)"
229,CMU/AFGP-2002-600002-Trans.xml,LU Factuality: Matches and kerosene should be stored away from children.,"(should, true); (stored, unknown)"
230,CMU/AFGP-2002-600002-Trans.xml,"LU Factuality: Women should be told that the best way to put our a fire is to cut off the oxygen supply to the flames, and therefore they should use wet blanket over the flames.","(is, true); (put, true); (should, true); (should, true); (use, unknown); (told, unknown)"
231,CMU/AFGP-2002-600002-Trans.xml,"LU Factuality: In the absence of men at home, women and children should vacate the house as quickly as possible.","(should, true); (vacate, unknown)"
232,CMU/AFGP-2002-600002-Trans.xml,LU Factuality: Administration Staff Responsibilities:,"(Responsibilities, true)"
233,CMU/AFGP-2002-600002-Trans.xml,LU Factuality: Buy equipment and machinery soonest.,"(Buy, true)"
234,CMU/AFGP-2002-600002-Trans.xml,LU Factuality: Install the yanks and the faucets.,"(Install, true)"
235,CMU/AFGP-2002-600002-Trans.xml,LU Factuality: Firefighters Responsibilities:,"(Responsibilities, true)"
236,CMU/AFGP-2002-600002-Trans.xml,LU Factuality: Firefighting training,"(training, true)"
237,CMU/AFGP-2002-600002-Trans.xml,LU Factuality: Evacuation training.,"(training, true)"
238,CMU/AFGP-2002-600002-Trans.xml,LU Factuality: Supervise the fire equipment in order to ensure:,"(Supervise, true); (ensure, unknown)"
239,CMU/AFGP-2002-600002-Trans.xml,LU Factuality: It remains in place,"(remains, true)"
240,CMU/AFGP-2002-600002-Trans.xml,LU Factuality: Does not get damaged,"(damaged, true)"
241,CMU/AFGP-2002-600002-Trans.xml,LU Factuality: Run some tests to identify the negatives:,"(tests, true); (Run, true); (identify, unknown)"
242,CMU/AFGP-2002-600002-Trans.xml,LU Factuality: The security team should:,"(should, true)"
243,CMU/AFGP-2002-600002-Trans.xml,"LU Factuality: Publish a periodic bulletin and distribute to all residents, advising them how to safely store gaz and logs.","(store, true); (advising, true); (bulletin, true); (distribute, true); (Publish, unknown)"
244,CMU/AFGP-2002-600002-Trans.xml,LU Factuality: Keep the firefighters alert at all times.,"(alert, true); (Keep, unknown)"
245,CMU/AFGP-2002-600002-Trans.xml,LU Factuality: Report any thing that might be a fire hazard.,"(hazard, true); (Report, unknown)"
246,CMU/AFGP-2002-600002-Trans.xml,LU Factuality: Warn against the safety of children's toys.,"(safety, true); (Warn, unknown)"
247,CMU/AFGP-2002-600002-Trans.xml,LU Factuality: Urge everyone to take precautions and guard their homes tightly.,"(take, true); (guard, true); (Urge, unknown)"
248,CMU/AFGP-2002-600002-Trans.xml,LU Factuality: Defending the Location Plan,"(Plan, true); (Defending, true)"
249,CMU/AFGP-2002-600002-Trans.xml,LU Factuality: Securing supply of food and water.,"(Securing, true)"
250,CMU/AFGP-2002-600002-Trans.xml,LU Factuality: Supply mechanical and electronic equipment.,"(Supply, true)"
251,CMU/AFGP-2002-600002-Trans.xml,LU Factuality: Provide labor force.,"(Provide, true)"
252,CMU/AFGP-2002-600002-Trans.xml,LU Factuality: Provide security to top dignitaries.,"(Provide, true); (security, true)"
253,CMU/AFGP-2002-600002-Trans.xml,LU Factuality: Control pests.,"(Control, true)"
254,CMU/AFGP-2002-600002-Trans.xml,LU Factuality: Spying:,"(Spying, true)"
255,CMU/AFGP-2002-600002-Trans.xml,LU Factuality: Placing Spies,"(Placing, true)"
349,CMU/AFGP-2002-600175-Trans.xml,"LU Factuality: In the name of Allah, the Most Benevolent, ever Merciful","(Merciful, unknown)"
350,CMU/AFGP-2002-600175-Trans.xml,"LU Factuality: Praise Allah, and prayer and peace upon the Messenger sent by Allah","(sent, true); (Praise, unknown); (upon, unknown)"
351,CMU/AFGP-2002-600175-Trans.xml,LU Factuality: Take refuge in Allah from the accursed Satan,"(Take, true)"
352,CMU/AFGP-2002-600175-Trans.xml,"LU Factuality: ""So, fight them till all opposition ends, and obedience is wholly Allah's"".","(obedience, false); (is, false); (fight, false); (ends, false); (opposition, false)"
353,CMU/AFGP-2002-600175-Trans.xml,"LU Factuality: ""If they break their pledge after giving their word and revile your faith, fight these specimens of faithlessness, for surely their oaths have no sanctity: they may happily desist.""","(faithlessness, false); (oaths, false); (have, false); (may, false); (desist, unknown); (break, false); (pledge, false); (giving, false); (revile, false); (fight, false); (faith, false)"
354,CMU/AFGP-2002-600175-Trans.xml,"LU Factuality: ""Fight them so that Allah may punish them at your hands, and put them to shame, and help you against them, and heal the woundsi of the hearts of the believers, And remove the anger from their breasts; for Allah turns to whosoever desires . Allah is all- knowing and all - wise.""","(Fight, false); (may, false); (put, false); (punish, unknown); (is, false); (desires, false); (turns, false); (anger, false); (remove, false); (wounds, false); (heal, false); (help, false); (to, false)"
355,CMU/AFGP-2002-600175-Trans.xml,"LU Factuality: ""What has happened to you, O believers, that when you are asked to set out in the cause of Allah your feet begin to drag ? ","(drag, false); (begin, false); (cause, false); (set, false); (asked, false); (happened, unknown)"
356,CMU/AFGP-2002-600175-Trans.xml,LU Factuality: Do you find the life of the world so pleasing that you forget the life to come ? ,"(come, unknown); (forget, unknown); (pleasing, unknown); (find, unknown)"
357,CMU/AFGP-2002-600175-Trans.xml,"LU Factuality: Yet the profit of the life of this world is but meager as compared to the life to come.  "" ","(is, false); (compared, false)"
358,CMU/AFGP-2002-600175-Trans.xml,"LU Factuality: An Islamic Group, its only mission is Jihad, because Jihad is one of the basic purposes for which Al Qaeda personnel come together.","(is, true); (mission, true); (come, true); (is, true); (Jihad, true)"
359,CMU/AFGP-2002-600175-Trans.xml,"LU Factuality: In addition, they perform other Islamic duties if possible.","(duties, true); (perform, true)"
360,CMU/AFGP-2002-600175-Trans.xml,LU Factuality: Jihad will take precedence over other duties in case of interference.,"(duties, true); (Jihad, true); (take, true); (interference, false)"
361,CMU/AFGP-2002-600175-Trans.xml,LU Factuality: Its belief:,"(belief, true)"
362,CMU/AFGP-2002-600175-Trans.xml,"LU Factuality: The belief of the Sunnite and the assembled people in general and in detail, and following the traditions of the noble ancestors.","(belief, true); (traditions, true); (following, true)"
363,CMU/AFGP-2002-600175-Trans.xml,LU Factuality: Goals of Al Qaeda:,"(Goals, true)"
364,CMU/AFGP-2002-600175-Trans.xml,"LU Factuality: The victory of the mighty religion of Allah, the establishment of an Islamic Regime and the restoration of the Islamic Caliphate, God willing.","(Caliphate, true); (willing, unknown); (restoration, true); (establishment, true); (Regime, true); (victory, true)"
365,CMU/AFGP-2002-600175-Trans.xml,LU Factuality: Al Qaeda work parameters:,"(parameters, true)"
366,CMU/AFGP-2002-600175-Trans.xml,"LU Factuality: International and in gradual stages, depending on Al Qaeda policies.","(depending, true)"
367,CMU/AFGP-2002-600175-Trans.xml,LU Factuality: Conditions for admission into Al Qaeda:,"(admission, true)"
368,CMU/AFGP-2002-600175-Trans.xml,"LU Factuality: The compliance with Al Qaeda beliefs and goals, as have been explained previously.","(goals, true); (beliefs, true); (explained, true); (compliance, true)"
369,CMU/AFGP-2002-600175-Trans.xml,LU Factuality: Subordination and obedience to the higher command without rebellion against God's way.,"(Subordination, true); (rebellion, true); (obedience, true)"
370,CMU/AFGP-2002-600175-Trans.xml,LU Factuality: It is forbidden to have membership with another Islamic Group beside Al Qaeda membership.,"(have, true); (forbidden, true); (membership, true)"
371,CMU/AFGP-2002-600175-Trans.xml,LU Factuality: Operation Security.,"(Security, true)"
372,CMU/AFGP-2002-600175-Trans.xml,LU Factuality: Good physical fitness (except in administration ( [sic],"(fitness, true)"
373,CMU/AFGP-2002-600175-Trans.xml,"LU Factuality: The candidate must not be suspected of lacking religion, fairness and morality.","(must, true); (lacking, true); (fairness, true); (morality, true); (suspected, unknown)"
374,CMU/AFGP-2002-600175-Trans.xml,LU Factuality: Taking the pledge of allegiance.,"(pledge, true); (Taking, true)"
375,CMU/AFGP-2002-600175-Trans.xml,LU Factuality: Articles and Instructions of Al Qaeda,"(Instructions, true); (Articles, true)"
376,CMU/AFGP-2002-600175-Trans.xml,LU Factuality: It is important and religiously rightful to keep Al Qaeda united.,"(is, true); (keep, true)"
377,CMU/AFGP-2002-600175-Trans.xml,LU Factuality: That will come by fearing God in private and in public.,"(fearing, true); (come, true)"
378,CMU/AFGP-2002-600175-Trans.xml,"LU Factuality: The mighty Allah said, ""Who fears Allah, Allah will remove his bad deeds and reward him with good deeds.  "" ","(said, true); (reward, false); (deeds, false); (deeds, false); (remove, false); (fears, false)"
379,CMU/AFGP-2002-600175-Trans.xml,"LU Factuality: And it will come by being friendly with Al Qaeda brothers and all Muslims, by best behavior, avoiding differences, cooperation and working for the good of the group.","(cooperation, true); (avoiding, true); (behavior, true); (being, true); (working, true); (come, true)"
380,CMU/AFGP-2002-600175-Trans.xml,"LU Factuality: [Prophet Mohammd] said, peace upon him, ""Love and compassion and sympathy between believers is like the human body: if one part of the body is sick, all the other parts of the body will come to its aid.  "" mutafaq aley / agreed upon.","(said, true); (peace, unknown); (between, false); (compassion, false); (Love, false); (come, false); (is, false); (is, false); (believers, false); (agreed, true); (aid, false)"
381,CMU/AFGP-2002-600175-Trans.xml,"LU Factuality: Maintaining good Islamic behavior, avoiding all forms of belligerent play, avoiding bad company and confirming any news to the smallest detail.","(confirming, true); (avoiding, true); (play, true); (avoiding, true); (behavior, true); (Maintaining, true)"
382,CMU/AFGP-2002-600175-Trans.xml,"LU Factuality: Mighty Allah said, ""O believers, if a sinner comes to you with news, verify it first, lest you attack someone ignorantly and later regret it.  "" ","(said, true); (attack, false); (verify, false); (comes, false); (believers, false); (regret, false)"
383,CMU/AFGP-2002-600175-Trans.xml,LU Factuality: Maintaining good moral characteristics and obedience to the parents even if they are infidels.,"(are, true); (to, true); (Maintaining, true)"
384,CMU/AFGP-2002-600175-Trans.xml,LU Factuality: Eating kosher food.,"(Eating, true)"
385,CMU/AFGP-2002-600175-Trans.xml,"LU Factuality: Prophet Mohammad said, ""Allah is good, and He only accepts the good.""","(said, true); (accepts, false); (is, false)"
386,CMU/AFGP-2002-600175-Trans.xml,LU Factuality: Maintaining as good physical fitness and military training as possible.,"(Maintaining, true); (fitness, true); (training, true)"
387,CMU/AFGP-2002-600175-Trans.xml,"LU Factuality: Do not talk about work which is delegated to you to anybody, even with Al Qaeda members.","(work, true); (delegated, true); (talk, true)"
388,CMU/AFGP-2002-600175-Trans.xml,LU Factuality: The only person you are authorized to talk to is your direct superior.,"(is, true); (authorized, true); (talk, true)"
389,CMU/AFGP-2002-600175-Trans.xml,"LU Factuality: If you have been delegated to a mission with other people, talking among the group must be supervised by the command.","(delegated, true); (must, true); (mission, true); (talking, true)"
390,CMU/AFGP-2002-600175-Trans.xml,"LU Factuality: Maintaining strong hold on your Islamic faith in general and the call for Al Jihad ideology in particular, starting with your relatives and friends.","(Maintaining, true); (ideology, true); (faith, true); (hold, true); (starting, true); (call, true)"
391,CMU/AFGP-2002-600175-Trans.xml,"LU Factuality: Mighty Allah said, ""Warn your close relatives.  "" ","(said, true); (Warn, false)"
392,CMU/AFGP-2002-600175-Trans.xml,LU Factuality: Sometimes you will be prevented from spreading these ideologies because your work requires too much secrecy.,"(requires, true); (work, true); (ideologies, true); (spreading, true); (prevented, true)"
393,CMU/AFGP-2002-600175-Trans.xml,LU Factuality: Guard the public money belonging to Al Qaeda.,"(belonging, true); (Guard, true)"
394,CMU/AFGP-2002-600175-Trans.xml,"LU Factuality: The Messenger of Allah said, peace upon him, ""The people who waste Allah's money, their reward will be the fire on Judgment Day.  "" ","(said, true); (peace, unknown); (reward, false); (Day, false); (waste, false); (be, false)"
395,CMU/AFGP-2002-600175-Trans.xml,"LU Factuality: Give good advice to your superiors and Al Qaeda brothers, and don't deceive them.","(Give, true); (deceive, true); (advice, true)"
396,CMU/AFGP-2002-600175-Trans.xml,LU Factuality: Take refuge in Allah from the accursed Satan.,"(refuge, true); (refuge, true)"
397,CMU/AFGP-2002-600175-Trans.xml,"LU Factuality: ""They alone are true believers who believe in Allah and his Messenger, and when they are with him on a matter of common concern, do not depart without obtaining his leave.  "" ","(believe, false); (are, false); (are, false); (depart, false); (obtaining, false); (matter, false); (concern, false); (leave, false)"
398,CMU/AFGP-2002-600175-Trans.xml,"LU Factuality: for each 3 weeks of work, 1 week vacation, Al Qaeda reserves the right to withhold the vacation up to 4 months in special occasions.","(reserves, true); (withhold, true); (vacation, true); (occasions, true); (work, true); (vacation, true)"
399,CMU/AFGP-2002-600175-Trans.xml,"LU Factuality: for each month of work, there will be 5 days vacation.","(work, true); (vacation, true); (be, true)"
400,CMU/AFGP-2002-600175-Trans.xml,LU Factuality: Al Qaeda reserves the right to withhold the vacation for an indeterminate period of time on special occasions.,"(vacation, true); (occasions, true); (reserves, true); (withhold, true)"
401,CMU/AFGP-2002-600175-Trans.xml,LU Factuality: Vacation travel application will be submitted 2 ½ months prior to travel.,"(application, true); (travel, true); (submitted, true)"
402,CMU/AFGP-2002-600175-Trans.xml,LU Factuality: Extra vacation time requests will not be granted except in special circumstances.,"(circumstances, true); (requests, true); (granted, true)"
403,CMU/AFGP-2002-600175-Trans.xml,LU Factuality: Salaries and Travel Tickets,"(Salaries, true)"
404,CMU/AFGP-2002-600175-Trans.xml,"LU Factuality: ""Eat and drink without waste, Allah does not like wastrels.  ""","(drink, false); (waste, false); (Eat, false); (like, false)"
405,CMU/AFGP-2002-600175-Trans.xml,"LU Factuality: The salary for a married Mujahed brother is 6500 Pakistan rupees (six thousand and five hundred rupees), and 500 rupees for each child additionally.","(is, true); (salary, true)"
406,CMU/AFGP-2002-600175-Trans.xml,"LU Factuality: The monthly salary for a single Mujahed is 1,000 Pakistan rupees.","(is, true)"
407,CMU/AFGP-2002-600175-Trans.xml,LU Factuality: A single Mujahed who has completed one full year in the organization will be issued a round trip ticket to his country with a one-month vacation.,"(vacation, true); (completed, true); (issued, true)"
408,CMU/AFGP-2002-600175-Trans.xml,"LU Factuality: The member does not have the right to exchange the ticket for money, if he chooses not to travel.","(travel, true); (chooses, true); (exchange, true); (have, true); (travel, true); (exchange, true); (chooses, true); (have, true)"
409,CMU/AFGP-2002-600175-Trans.xml,LU Factuality: The member has the right to exchange it to make Al Haj to Mecca; Al Haj time will be deducted from his vacation time.,"(Haj, true); (exchange, true); (has, true); (make, unknown); (deducted, true)"
410,CMU/AFGP-2002-600175-Trans.xml,LU Factuality: A married Mujahed and his family will have a one-month vacation and round trip ticket to his country after completion of two years in the organization.,"(organization, true); (have, true); (vacation, true)"
411,CMU/AFGP-2002-600175-Trans.xml,LU Factuality: The brother who wishes to leave Al Qaeda without legal excuse does not have the right to demand any financial assistance or special favors when he departs.,"(assistance, true); (have, true); (demand, true); (wishes, true); (leave, unknown); (departs, true)"
412,CMU/AFGP-2002-600175-Trans.xml,LU Factuality: Rewards and Punishments,"(Rewards, true)"
413,CMU/AFGP-2002-600175-Trans.xml,LU Factuality: Take refuge in Allah from the evil Satan.,"(refuge, true)"
414,CMU/AFGP-2002-600175-Trans.xml,"LU Factuality: ""The answer of believers when they are called to Allah and his Messenger that he may judge between them is, 'We hear and obey.  ' They are the ones who will prosper.  ""","(prosper, false); (are, false); (believers, false); (called, false); (answer, false); (judge, unknown); (may, false); (obey, false); (hear, false)"
415,CMU/AFGP-2002-600175-Trans.xml,"LU Factuality: And Allah said, ""When they are told, 'come to that which Allah has revealed and to the Messenger,' you should see the hypocrites how they hesitate and turn their faces away.  "" ","(said, true); (come, false); (told, false); (should, false); (revealed, false); (turn, false); (hesitate, false); (see, unknown)"
416,CMU/AFGP-2002-600175-Trans.xml,"LU Factuality: And Allah said, ""No believing men and women have any choice in a matter after Allah has decided it.  Whoever disobeys Allah and his Messenger has clearly lost the way and gone astray.  "" ","(said, true); (have, false); (matter, false); (decided, false); (disobeys, false); (lost, false); (gone, false); (way, false)"
417,CMU/AFGP-2002-600175-Trans.xml,LU Factuality: Accomplish all Al Qaeda's different plans and missions according to the Shara'a Judicial System.,"(Accomplish, true); (plans, true); (System, true); (missions, true); (according, true)"
418,CMU/AFGP-2002-600175-Trans.xml,LU Factuality: Differences between members regarding Al Qaeda missions will be judged by qualified Al Qaeda members.,"(Differences, true); (missions, true); (judged, true)"
419,CMU/AFGP-2002-600175-Trans.xml,LU Factuality: This will be done through the direct superior up the chain of command to resolve the matter.,"(matter, true); (resolve, unknown); (done, true)"
420,CMU/AFGP-2002-600175-Trans.xml,"LU Factuality: If the differences are not related to Al Qaeda's work, the judgment will be made either by qualified Al Qaeda members or outside judges if the parties wish to do so.","(differences, true); (related, true); (work, true); (wish, true); (do, unknown); (made, true)"
421,CMU/AFGP-2002-600175-Trans.xml,LU Factuality: This does not include the Tempter's courts.,"(include, true)"
422,CMU/AFGP-2002-600175-Trans.xml,LU Factuality: It means any court considered legitimate by Al Qaeda.,"(means, true); (considered, true)"
423,CMU/AFGP-2002-600175-Trans.xml,LU Factuality: This includes high-ranking Al Qaeda and subordinates.,"(includes, true)"
424,CMU/AFGP-2002-600175-Trans.xml,LU Factuality: Maintain the conditions of religious equilibrium.,"(equilibrium, true); (conditions, true); (Maintain, true)"
425,CMU/AFGP-2002-600175-Trans.xml,"LU Factuality: Equilibrium is the fulfillment of the person's needs for righteousness, which depends on the following:","(is, true); (Equilibrium, true); (depends, true)"
426,CMU/AFGP-2002-600175-Trans.xml,"LU Factuality: (1) Religious devotion, which is to fulfill religious duties continuously, and to prevent oneself from falling into the ways of sin.","(prevent, true); (is, true); (devotion, true); (sin, true)"
427,CMU/AFGP-2002-600175-Trans.xml,"LU Factuality: (2) Embody the ideal of manhood: this is by doing the right things, which will bring praise, and avoiding the wrong things, which would bring shame.","(is, true); (ideal, true); (Embody, true); (avoiding, true); (bring, true); (bring, true)"
428,CMU/AFGP-2002-600175-Trans.xml,"LU Factuality: Allah said, ""If they did what they had been advised to do, it would be better for them and they would stand fast.  "" ","(said, true); (did, false); (advised, false); (do, false); (be, false); (stand, false)"
429,CMU/AFGP-2002-600175-Trans.xml,"LU Factuality: [Sura] Al Nisa'/The Women, and Abu Al Drda' said, ""O people, good deeds before the fight, you are fighting with your good deeds.  "" ","(said, true); (deeds, false); (fight, false); (fighting, false); (deeds, false)"
430,CMU/AFGP-2002-600175-Trans.xml,LU Factuality: B - Try your best and to the most of your ability to accomplish the rightful Al Qaeda goals.,"(Try, true); (ability, true); (goals, true); (accomplish, unknown)"
431,CMU/AFGP-2002-600175-Trans.xml,"LU Factuality: The Mighty Allah said, ""Fear Allah as much as you can.  "" ","(said, true)"
432,CMU/AFGP-2002-600175-Trans.xml,"LU Factuality: [Sura] Al Taghabun/Exposition [64:16], and [Prophet Mohammed] said, peace upon him, ""Whatever I order you, do the best you can,"" mutafaq aley / agreed upon.","(said, true); (agreed, true); (peace, unknown); (order, false); (do, false)"
433,CMU/AFGP-2002-600175-Trans.xml,LU Factuality: To do your best to the utmost of your ability is shown by the following:,"(do, true); (ability, true); (shown, true)"
434,CMU/AFGP-2002-600175-Trans.xml,"LU Factuality: The best of your efforts should be to your religion, and not to worldly concerns or to your family.","(efforts, true); (should, true); (be, unknown)"
435,CMU/AFGP-2002-600175-Trans.xml,"LU Factuality: ""You tell them, 'If your fathers and sons, your brothers and wives and families and wealth, or the business you fear may fail, and the mansions that you love, are dearer to you than Allah, his Messenger, and struggling in his cause, then wait until Allah's command arrives, for Allah does not show transgressors the way.  "" ","(fail, unknown); (may, false); (fear, false); (tell, false); (way, false); (show, false); (arrives, false); (command, false); (wait, false); (cause, false); (struggling, false); (are, false)"
436,CMU/AFGP-2002-600175-Trans.xml,"LU Factuality: [Prophet Mohammed] said, peace upon him, ""You are not a believer until you love me more than your parents, your children and all the people.  "" Roah al Bekhari.","(said, true); (peace, unknown); (love, false); (are, false)"
437,CMU/AFGP-2002-600175-Trans.xml,LU Factuality: That your Jihad be in the service of your religion is more excellent than the infidel struggling for their iniquity; their struggle is void.,"(is, true); (struggle, true); (Jihad, true); (be, true); (is, true); (struggling, true)"
438,CMU/AFGP-2002-600175-Trans.xml,"LU Factuality: Allah said, ""There are some people who have loves other than Allah; the believer loves Allah more.  ""","(said, true); (are, false); (loves, false); (loves, false); (believer, false)"
439,CMU/AFGP-2002-600175-Trans.xml,LU Factuality: Pursue the curriculum of religious law studies; take advantage of spare time to do so.,"(Pursue, true); (take, true); (studies, true); (do, unknown)"
440,CMU/AFGP-2002-600175-Trans.xml,LU Factuality: That will provide the Muslim brother with Islamic vision with regard to current events.,"(events, true); (vision, true); (provide, true)"
441,CMU/AFGP-2002-600175-Trans.xml,LU Factuality: But knowledge without action is a curse to its owner; there is no value to knowledge without action.,"(action, true); (knowledge, true); (is, true); (is, true); (action, true); (knowledge, true)"
442,CMU/AFGP-2002-600175-Trans.xml,"LU Factuality: If you have a specialty, which is of value to Al Qaeda's goals, then tell your superior of it.","(goals, true); (have, true); (is, true); (tell, true)"
443,CMU/AFGP-2002-600175-Trans.xml,"LU Factuality: We advise all brothers to avoid arguments in religion, and it is forbidden to speak on religion without knowledge.","(speak, true); (knowledge, true); (arguments, true); (forbidden, true); (advise, true); (avoid, true)"
444,CMU/AFGP-2002-600175-Trans.xml,"LU Factuality: If any differences occur, relay them to the qualified members.","(relay, true); (differences, true); (occur, true)"
445,CMU/AFGP-2002-600175-Trans.xml,"LU Factuality: Allah said, ""And when any tidings of peace or war come to them they spread the news around.  Had they gone to the Prophet or those in authority among them, then those who check and scrutinize would have known it.  "" ","(said, true); (peace, false); (war, false); (tidings, false); (scrutinize, false); (known, false); (gone, false); (check, false); (come, false); (spread, false)"
446,CMU/AFGP-2002-600175-Trans.xml,LU Factuality: the Covenant,"(Covenant, true)"
447,CMU/AFGP-2002-600175-Trans.xml,LU Factuality: Its Purpose and Religious Lawfulness:,"(Purpose, true)"
448,CMU/AFGP-2002-600175-Trans.xml,LU Factuality: Draft Covenant:,"(Covenant, true)"
449,CMU/AFGP-2002-600175-Trans.xml,"LU Factuality: Covenants among Moslems regarding obedience are permitted and lawful, in order to build trust among the parties.","(trust, true); (permitted, true); (obedience, true); (Covenants, true); (build, unknown)"
450,CMU/AFGP-2002-600175-Trans.xml,"LU Factuality: The proof is in the saying of Allah to Jacob, peace be upon him, ""He said, 'I will never send him with you until you swear by Allah that you will bring him back to me, unless all of you are overtaken (by misfortune).  '' When all of them had given their promise, he said: ""Allah is witness to our conversation.  "" ","(is, true); (proof, true); (be, unknown); (bring, false); (conversation, false); (said, false); (is, false); (given, false); (promise, false); (send, false); (said, false); (overtaken, false); (swear, false)"
451,CMU/AFGP-2002-600175-Trans.xml,LU Factuality: If a Moslem gives his word he must keep it.,"(must, true); (gives, true); (keep, unknown)"
452,CMU/AFGP-2002-600175-Trans.xml,"LU Factuality: As Allah said, ""And keep the covenant because you are responsible.  "" ","(said, true); (covenant, false); (keep, false); (are, false)"
453,CMU/AFGP-2002-600175-Trans.xml,"LU Factuality: And Allah said, ""Fulfill your covenant with Allah, having made the covenant, and do not break your oaths once you have sworn them, as you have made Allah a witness over you.  "" ","(said, true); (Fulfill, false); (covenant, false); (sworn, false); (oaths, false); (witness, false); (made, false); (made, false); (having, false); (break, false); (covenant, false)"
454,CMU/AFGP-2002-600175-Trans.xml,LU Factuality: The purpose of the Covenant:,"(Covenant, true); (purpose, true)"
455,CMU/AFGP-2002-600175-Trans.xml,LU Factuality: There are two types of covenants:,"(covenants, true); (are, true)"
456,CMU/AFGP-2002-600175-Trans.xml,"LU Factuality: the religious lawful duty, and the permissible.","(permissible, true); (duty, true)"
457,CMU/AFGP-2002-600175-Trans.xml,"LU Factuality: The religious lawful duty, such as al-Jihad and the obedience to higher authorities, is every Muslim's duty by religious law.","(duty, true); (al-Jihad, true); (obedience, true); (is, true); (law, true)"
458,CMU/AFGP-2002-600175-Trans.xml,"LU Factuality: In such a case, allegiance means enforcing the religious lawful duty.","(allegiance, true); (means, true); (enforcing, true); (duty, true)"
459,CMU/AFGP-2002-600175-Trans.xml,"LU Factuality: Even without allegiance, it is still a lawful religious duty.","(allegiance, true); (is, true)"
460,CMU/AFGP-2002-600175-Trans.xml,"LU Factuality: While in the case of permissible matters, allegiance makes them religious lawful duties.","(makes, true); (duties, true); (matters, true); (allegiance, true)"
461,CMU/AFGP-2002-600175-Trans.xml,"LU Factuality: He founded this case on the saying of the Mighty Allah, ""If you promise, you have to fulfill your promise.  "" ","(founded, true); (saying, true); (fulfill, unknown); (have, false); (promise, false); (promise, false)"
462,CMU/AFGP-2002-600175-Trans.xml,LU Factuality: Therefore Al Qaeda will take allegiance from its followers to include the obedience to its policies and goals.,"(include, true); (allegiance, true); (policies, true); (obedience, true); (take, true)"
463,CMU/AFGP-2002-600175-Trans.xml,"LU Factuality: First of all, the Amir swears a Covenant","(Covenant, true); (swears, true)"
464,CMU/AFGP-2002-600175-Trans.xml,"LU Factuality: In the name of Allah the Most Benevolent, ever Merciful, I swear allegiance to Allah, and with his accord to become a soldier among the Muslim soldiers, to support the religion of Allah in order to make Allah's words supreme.","(allegiance, true); (swear, true); (accord, true); (become, unknown); (support, unknown); (make, unknown); (In, unknown)"
465,CMU/AFGP-2002-600175-Trans.xml,"LU Factuality: Covenant sworn by the brother, the Mujahed","(Covenant, true); (sworn, true)"
466,CMU/AFGP-2002-600175-Trans.xml,"LU Factuality: In the name of Allah, the Most Benevolent, ever Merciful,","(In, unknown)"
467,CMU/AFGP-2002-600175-Trans.xml,"LU Factuality: I swear allegiance to Allah, and with his accord to obey and listen to my superiors in good times and bad times, in good situations and bad ones, to support the religion of Allah in order to make Allah's words supreme, and to become a fighter in the name of Allah.","(accord, true); (allegiance, true); (swear, true); (support, unknown); (make, unknown); (become, unknown); (situations, true); (ones, true); (times, true); (times, true)"
468,CMU/AFGP-2002-600175-Trans.xml,"LU Factuality: To fight in any position through the duration of the struggle, and to keep all the secrets of Al Qaeda's missions.","(missions, true); (struggle, true); (keep, unknown); (fight, unknown)"
469,CMU/AFGP-2002-600175-Trans.xml,LU Factuality: Allah will be my guarantor of what I am saying.,"(saying, true); (be, true)"
470,CMU/AFGP-2002-600175-Trans.xml,LU Factuality: Breach of Covenant,"(Covenant, true); (Breach, true)"
471,CMU/AFGP-2002-600175-Trans.xml,LU Factuality: Punishment of the one who breaches the Covenant:,"(Punishment, true); (Covenant, true); (breaches, true)"
472,CMU/AFGP-2002-600175-Trans.xml,"LU Factuality: And Allah said, ""As for those who break Allah's covenant after validating it, and sever relations which Allah ordained cohered, and spread corruption in the land, there is condemnation for them and an evil abode.  "" ","(said, true); (relations, false); (ordained, false); (cohered, false); (spread, false); (break, false); (covenant, false); (validating, false); (sever, false); (corruption, false); (is, false); (abode, false)"
473,CMU/AFGP-2002-600175-Trans.xml,"LU Factuality: And the Messenger of Allah said, peace be upon him,""Allah said,'Three persons I am the opponent of on the Day of Judgment: a man who promised and broke his promise; a man who made a sale and cheated, and a man who hired an employee and did not pay him.  ""","(be, unknown); (said, true); (sale, false); (cheated, false); (hired, false); (pay, false); (promised, false); (broke, false); (promise, false); (made, false); (said, false); (am, false)"
474,CMU/AFGP-2002-600175-Trans.xml,"LU Factuality: And Ibn Hajr explained, ""He promised by Allah and then broke his promise.  "" ","(explained, true); (broke, false); (promise, false); (promised, false)"
475,CMU/AFGP-2002-600175-Trans.xml,"LU Factuality: At last we pray praise to Allah, the Lord of all the worlds.","(praise, unknown); (pray, true)"
476,CMU/AFGP-2002-602187-Trans.xml,LU Factuality: The late Bin Baz was the grand Muslim scholar in Saudi Arabia.,"(was, true)"
477,CMU/AFGP-2002-602187-Trans.xml,"LU Factuality: Al-Maqdasi, a Jordanian militant, is sympathetic to Al-Qaida.","(is, true)"
478,CMU/AFGP-2002-602187-Trans.xml,LU Factuality: He was acquitted in Jordan of charges that he had ties to Al-Qaida.,"(acquitted, true); (had, true)"
479,CMU/AFGP-2002-602187-Trans.xml,LU Factuality: In a recent interview with Al-Jazeera he spoke against the Arab regimes.,"(spoke, true)"
480,CMU/AFGP-2002-602187-Trans.xml,"LU Factuality: Immediately after the interview, he was apprehended again by the Jordanian authority.","(apprehended, true)"
481,CMU/AFGP-2002-602187-Trans.xml,"LU Factuality: Sheik Rida, fear God.","(fear, true)"
482,CMU/AFGP-2002-602187-Trans.xml,LU Factuality: You are not fair when you belittle Sheik Bin Baz's blunder and exaggerate the one by Sheik Maqdasi...,"(are, true); (belittle, true); (blunder, true); (exaggerate, true)"
483,CMU/AFGP-2002-602187-Trans.xml,LU Factuality: Sheik Maqdasi did not criticize Sheik Bin Baz's only for his edict which emphasizes not to consider a regime an apostate if it hasn't adhered to Islamic laws.,"(criticize, true); (emphasizes, true); (edict, true); (adhered, true); (consider, true)"
484,CMU/AFGP-2002-602187-Trans.xml,"LU Factuality: Well, this is not the case.","(is, true)"
485,CMU/AFGP-2002-602187-Trans.xml,"LU Factuality: If, you study the evidences and statements released by these people, we tend to appreciate their ignorance which was based on prominent views.","(study, true); (statements, true); (evidences, true); (based, true); (tend, true); (views, true); (appreciate, false)"
486,CMU/AFGP-2002-602187-Trans.xml,LU Factuality: We had done that before with others who were known for their serious blunders.,"(done, true); (blunders, true); (known, true)"
487,CMU/AFGP-2002-602187-Trans.xml,"LU Factuality: I'm not going to illustrate these evidences and statements; God is my witness, I don't want to deceive anyone.","(want, true); (is, unknown); (deceive, unknown); (illustrate, true)"
488,CMU/AFGP-2002-602187-Trans.xml,"LU Factuality: However, I will mention one of these evidences reiterated by them.","(reiterated, true); (mention, true)"
489,CMU/AFGP-2002-602187-Trans.xml,"LU Factuality: Indeed, the Sheik issued two edicts regarding the same issue that contradict each other...","(issue, true); (contradict, true); (issued, true); (edicts, true)"
490,CMU/AFGP-2002-602187-Trans.xml,"LU Factuality: First, he forbade seeking the aid of infidels when the Syrian Mujahiddin asked Saddam Hussein to overthrow the regime of Hafiz Al-Assad in Syria.","(asked, true); (overthrow, true); (forbade, true); (aid, true); (seeking, unknown)"
491,CMU/AFGP-2002-602187-Trans.xml,"LU Factuality: However, he allowed the Gulf regimes to depend on the infidels in attacking Saddam Hussein.","(attacking, true); (allowed, true); (depend, true)"
492,CMU/AFGP-2002-602187-Trans.xml,LU Factuality: [He issued] more edicts to accommodate the policies of the Saudi regime.,"(issued, true); (edicts, true); (accommodate, unknown)"
493,CMU/AFGP-2002-602187-Trans.xml,LU Factuality: This behavior and not the edict itself forced them to be deceptive.,"(edict, true); (forced, true); (behavior, true); (be, true)"
494,CMU/AFGP-2002-602187-Trans.xml,LU Factuality: I am sure that you are aware of all these suspicions that surround the regime's [Religious] scholars.,"(suspicions, true); (are, true); (am, true); (surround, true)"
495,CMU/AFGP-2002-602187-Trans.xml,"LU Factuality: So, try to appreciate the Muslims' position, especially if these suspicions are credible.","(position, true); (try, true); (are, true); (appreciate, unknown)"
496,CMU/AFGP-2002-602187-Trans.xml,"LU Factuality: Brother Rida, I plead to you through this article to understand the views of others, just like we try to understand the views of those who went astray.","(plead, true); (views, true); (try, true); (views, true); (understand, true); (went, true); (understand, unknown)"
497,CMU/AFGP-2002-602187-Trans.xml,"LU Factuality: My dear sister, I hope all is well.","(hope, true); (is, unknown)"
498,CMU/AFGP-2002-602187-Trans.xml,LU Factuality: How is Turkey? ,"(is, unknown)"
499,CMU/AFGP-2002-602187-Trans.xml,LU Factuality: I hope you are enjoying your stay there.,"(hope, true); (enjoying, unknown)"
500,CMU/AFGP-2002-602187-Trans.xml,LU Factuality: I wrote a letter to Ayman.,"(wrote, true)"
501,CMU/AFGP-2002-602187-Trans.xml,LU Factuality: Please print it on a thin paper; may God reward you.,"(print, true); (reward, unknown)"
502,CMU/AFGP-2002-602187-Trans.xml,LU Factuality: Please read this message if you have the time.,"(read, true)"
503,CMU/AFGP-2002-602187-Trans.xml,LU Factuality: I am open for any suggestions.,"(am, true); (suggestions, false)"
504,CMU/AFGP-2002-602187-Trans.xml,LU Factuality: I hope I can communicate with you through the Messenger before you depart Turkey.,"(hope, true); (depart, true); (communicate, unknown)"
505,CMU/AFGP-2002-602187-Trans.xml,"LU Factuality: Send my regards to my aunt, uncle and grandmother.","(Send, true); (regards, true)"
506,CMU/AFGP-2002-602187-Trans.xml,LU Factuality: Take back the stuff which Ayman asked you to carry to Saudi Arabia.,"(Take, true); (asked, true); (carry, true)"
507,CMU/AFGP-2002-602187-Trans.xml,LU Factuality: I apologize for any inconvenience.,"(apologize, true)"
508,CMU/AFGP-2002-602187-Trans.xml,LU Factuality: Peace be upon you.,"(be, unknown)"
509,CMU/CNN_AARONBROWN_ENG_20051101_215800.partial-NEW.xml,LU Factuality: Questions about the facts or what were presented as facts that led the United States into the war in Iraq,"(presented, true); (led, true); (Questions, true)"
510,CMU/CNN_AARONBROWN_ENG_20051101_215800.partial-NEW.xml,LU Factuality: spilled into open warfare today on the Senate floor .,"(spilled, true); (warfare, true)"
511,CMU/CNN_AARONBROWN_ENG_20051101_215800.partial-NEW.xml,LU Factuality: Democrats forced the Senate into a rare closed door session .,"(forced, true); (session, true)"
512,CMU/CNN_AARONBROWN_ENG_20051101_215800.partial-NEW.xml,LU Factuality: Republican leader Bill Frist said the Senate was hijacked .,"(said, true); (hijacked, false)"
513,CMU/CNN_AARONBROWN_ENG_20051101_215800.partial-NEW.xml,LU Factuality: CNN's Ed Henry was there .,"(was, true)"
514,CMU/CNN_AARONBROWN_ENG_20051101_215800.partial-NEW.xml,LU Factuality: A Democratic sneak attack that sent shock waves through the Senate .,"(attack, true); (waves, true); (sent, true)"
515,CMU/CNN_AARONBROWN_ENG_20051101_215800.partial-NEW.xml,LU Factuality: Mr. President enough time has gone by .,"(gone, true)"
516,CMU/CNN_AARONBROWN_ENG_20051101_215800.partial-NEW.xml,LU Factuality: I demand on behalf of the American people that we understand why these investigations aren't being conducted .,"(demand, true); (conducted, true); (understand, true)"
517,CMU/CNN_AARONBROWN_ENG_20051101_215800.partial-NEW.xml,LU Factuality: Democratic leader Harry Reed accused Republicans of failing to probe allegations the White House manipulated intelligence to justify the war in Iraq .,"(failing, true); (accused, true); (manipulated, true); (probe, true); (justify, unknown)"
518,CMU/CNN_AARONBROWN_ENG_20051101_215800.partial-NEW.xml,LU Factuality: And in accordance with rule twenty-one I now move that Senate go into closed session .,"(go, true); (move, true); (session, true)"
519,CMU/CNN_AARONBROWN_ENG_20051101_215800.partial-NEW.xml,LU Factuality: President I second the motion .,"(motion, true); (second, true)"
520,CMU/CNN_AARONBROWN_ENG_20051101_215800.partial-NEW.xml,LU Factuality: An easy but rare maneuver with extraordinary consequences .,"(maneuver, true); (consequences, true)"
521,CMU/CNN_AARONBROWN_ENG_20051101_215800.partial-NEW.xml,"LU Factuality: The Senate chamber was locked down , television cameras shut off , so law makers could go into secret session to debate .","(session, true); (locked, true); (shut, true); (go, unknown); (debate, unknown); (could, true)"
522,CMU/CNN_AARONBROWN_ENG_20051101_215800.partial-NEW.xml,LU Factuality: Republican leader Bill Frist was enraged .,"(enraged, true)"
523,CMU/CNN_AARONBROWN_ENG_20051101_215800.partial-NEW.xml,LU Factuality: Not with the previous Democratic leader or or the current Democratic leader have ever I been slapped in the face with such an affront to the leadership of this grand institution .,"(slapped, true); (affront, true); (leadership, true); (institution, true)"
524,CMU/CNN_AARONBROWN_ENG_20051101_215800.partial-NEW.xml,LU Factuality: There has been at least consideration for the other side of the aisle before a stunt .,"(stunt, true); (been, true); (consideration, true)"
525,CMU/CNN_AARONBROWN_ENG_20051101_215800.partial-NEW.xml,LU Factuality: and this is a pure stunt .,"(is, true)"
526,CMU/CNN_AARONBROWN_ENG_20051101_215800.partial-NEW.xml,LU Factuality: Reed refused to back down demanding the Republican led intelligence committee finish a long awaited report on whether the Bush administration twisted intelligence .,"(refused, true); (back, true); (finish, true); (demanding, true); (report, true); (twisted, false)"
527,CMU/CNN_AARONBROWN_ENG_20051101_215800.partial-NEW.xml,"LU Factuality: This investigation has been stymied stopped , obstructions thrown up every step of the way .","(stopped, true); (investigation, true); (thrown, true); (stymied, true); (obstructions, true)"
528,CMU/CNN_AARONBROWN_ENG_20051101_215800.partial-NEW.xml,LU Factuality: That's the real slap in the face .,"('s, true)"
529,CMU/CNN_AARONBROWN_ENG_20051101_215800.partial-NEW.xml,LU Factuality: that's the slap in the face .,"('s, true)"
530,CMU/CNN_AARONBROWN_ENG_20051101_215800.partial-NEW.xml,LU Factuality: And today the American people are going to see a little bit of light .,"(see, true)"
531,CMU/CNN_AARONBROWN_ENG_20051101_215800.partial-NEW.xml,LU Factuality: What's really going on is Democrats feel emboldened by the indictment of Vice President Cheney's former chief of staff believing this is their chance to issue a broader indictment of the Bush administration .,"(believing, true); (indictment, true); (issue, true); (is, true); (is, true); (going, true); (indictment, true)"
532,CMU/CNN_AARONBROWN_ENG_20051101_215800.partial-NEW.xml,LU Factuality: We have lost over two thousand of our best and bravest .,"(lost, true)"
533,CMU/CNN_AARONBROWN_ENG_20051101_215800.partial-NEW.xml,LU Factuality: over fifteen thousand have been seriously wounded .,"(wounded, true)"
534,CMU/CNN_AARONBROWN_ENG_20051101_215800.partial-NEW.xml,LU Factuality: We are spending more than six million dollars a month with no end in sight .,"(end, true); (spending, true)"
535,CMU/CNN_AARONBROWN_ENG_20051101_215800.partial-NEW.xml,LU Factuality: and this Republican led Senate intelligence committee refuses to even ask the hard questions about the misinformation /-,"(ask, true); (misinformation, true); (refuses, true); (questions, true)"
536,CMU/CNN_AARONBROWN_ENG_20051101_215800.partial-NEW.xml,LU Factuality: Republicans insist they're completing the investigation .,"(investigation, true); (insist, true); (completing, false)"
537,CMU/CNN_AARONBROWN_ENG_20051101_215800.partial-NEW.xml,LU Factuality: and this is just a distraction .,"(is, true)"
538,CMU/CNN_AARONBROWN_ENG_20051101_215800.partial-NEW.xml,LU Factuality: This is purely political .,"(is, true)"
539,CMU/CNN_AARONBROWN_ENG_20051101_215800.partial-NEW.xml,LU Factuality: This is settling settling an old political score .,"(score, true); (settling, true)"
540,CMU/CNN_AARONBROWN_ENG_20051101_215800.partial-NEW.xml,LU Factuality: Democrats say they also want to signal they're ready to stand up to the Republican majority and may even filibuster the president's latest Supreme Court pick Samuel Alito a move that would make these events seem like the opening fireworks in a much nastier battle .,"(say, true); (battle, true); (seem, true); (events, true); (move, true); (pick, true); (may, true); (stand, false); (filibuster, false); (want, false); ('re, false); (signal, unknown); (make, true)"
541,CMU/CNN_AARONBROWN_ENG_20051101_215800.partial-NEW.xml,LU Factuality: So do you think we just saw the outlines to what the midterm election battlelines might look like /?  A debate that's likely to rage on for many many months to come .,"(might, true); (battlelines, true); (come, true); ('s, true); (debate, true); (saw, unknown); (think, unknown); (look, false)"
542,CMU/CNN_AARONBROWN_ENG_20051101_215800.partial-NEW.xml,LU Factuality: Turning our attention now to something that has a lot of folks concerned .,"(concerned, true); (attention, true); (Turning, true)"
543,CMU/CNN_AARONBROWN_ENG_20051101_215800.partial-NEW.xml,LU Factuality: You've been hearing an awful lot about avian or bird flu .,"(hearing, true)"
544,CMU/CNN_AARONBROWN_ENG_20051101_215800.partial-NEW.xml,LU Factuality: The most common and deadly form has already spread in birds from South Asia to Europe .,"(spread, true)"
545,CMU/CNN_AARONBROWN_ENG_20051101_215800.partial-NEW.xml,LU Factuality: And now there is real concern that the virus could mutate and become devastating to humans .,"(is, true); (become, false); (mutate, false)"
546,CMU/CNN_AARONBROWN_ENG_20051101_215800.partial-NEW.xml,LU Factuality: In fact some health experts say it's just a matter of time .,"(say, true)"
547,CMU/CNN_AARONBROWN_ENG_20051101_215800.partial-NEW.xml,LU Factuality: Today President Bush unveiled a seven point one billion dollar plan to prepare for a possible flu pandemic .,"(unveiled, true); (plan, true); (prepare, unknown); (pandemic, false)"
548,CMU/CNN_AARONBROWN_ENG_20051101_215800.partial-NEW.xml,LU Factuality: Now much of that money would go toward stockpiling enough vaccine to protect twenty million healthcare workers and other first responders,"(protect, unknown); (stockpiling, true); (would, true); (go, unknown)"
549,CMU/CNN_AARONBROWN_ENG_20051101_215800.partial-NEW.xml,LU Factuality: speeding up production of vaccines and buying the anti-viral drugs (( Tamoflu )) and (( Rolenzo )) which in some cases prevent flu infection .,"(infection, true); (prevent, true); (buying, true); (speeding, true)"
550,CMU/CNN_AARONBROWN_ENG_20051101_215800.partial-NEW.xml,LU Factuality: And we now turn to senior medical correspondent Dr. Sanjay Gupto who has just gotten back from South Asia,"(gotten, true); (turn, true)"
551,CMU/CNN_AARONBROWN_ENG_20051101_215800.partial-NEW.xml,LU Factuality: where bird flu has in the past two years killed at least sixty-two people,"(killed, true)"
552,CMU/CNN_AARONBROWN_ENG_20051101_215800.partial-NEW.xml,LU Factuality: about half of those who were struck with it .,"(struck, true)"
553,CMU/CNN_AARONBROWN_ENG_20051101_215800.partial-NEW.xml,LU Factuality: Hundreds of millions of birds around the world have been destroyed to try to contain the disease .,"(destroyed, true); (contain, unknown); (try, unknown)"
554,CMU/CNN_AARONBROWN_ENG_20051101_215800.partial-NEW.xml,LU Factuality: And Dr. Gupto now just joins us from the Emory University hospital in Atlanta .,"(joins, true)"
555,CMU/CNN_AARONBROWN_ENG_20051101_215800.partial-NEW.xml,LU Factuality: Always good to see you doctor .,"(see, true)"
556,CMU/CNN_AARONBROWN_ENG_20051101_215800.partial-NEW.xml,LU Factuality: Thanks .,"(Thanks, unknown)"
557,CMU/CNN_AARONBROWN_ENG_20051101_215800.partial-NEW.xml,LU Factuality: I know you've had a chance to study the the plan the president put forth today .,"(know, true); (had, true); (study, true); (plan, true); (put, true)"
558,CMU/CNN_AARONBROWN_ENG_20051101_215800.partial-NEW.xml,LU Factuality: Does it go far enough in your estimation /?,"(estimation, true); (go, unknown)"
559,CMU/CNN_AARONBROWN_ENG_20051101_215800.partial-NEW.xml,LU Factuality: You know what's sort of interesting Paula .,"(know, true); (interesting, true)"
560,CMU/CNN_AARONBROWN_ENG_20051101_215800.partial-NEW.xml,LU Factuality: on one hand it is it is remarkable that the president is devoting as much time and as much money uh all towards a disease that doesn't exist yet .,"(is, true); (devoting, true); (exist, true)"
561,CMU/CNN_AARONBROWN_ENG_20051101_215800.partial-NEW.xml,LU Factuality: Pandemic flu doesn't exist yet .,"(exist, true)"
562,CMU/CNN_AARONBROWN_ENG_20051101_215800.partial-NEW.xml,LU Factuality: But a lot of people are talking about it .,"(talking, true)"
563,CMU/CNN_AARONBROWN_ENG_20051101_215800.partial-NEW.xml,LU Factuality: and I think that's remarkable to a lot of people who are eh who are citizens and a lot of people in the public health community as well .,"(are, true); ('s, true); (think, true)"
564,CMU/CNN_AARONBROWN_ENG_20051101_215800.partial-NEW.xml,LU Factuality: On the other hand to be able to outline and do the thing that were talked about today to basically completely revamp the public health system so that local officials can talk to state officials that can talk to federal officials to be able to pinpoint exactly when a cluster of bird flu happens that takes probably a lot more money and a and a really a complete revamping of our public health systems .,"(talked, true); (takes, false); (revamping, true); (outline, false); (pinpoint, false); (revamp, true); (happens, false); (be, unknown); (talk, false); (talk, false); (be, unknown)"
565,CMU/CNN_AARONBROWN_ENG_20051101_215800.partial-NEW.xml,"LU Factuality: The other thing Paula really important is that they talk a lot about the fact that our- we're a lot better at taking care of patients now than we were in nineteen eighteen , we have a lot of ~ICUs a lot of ~ICUs in the hospital behind me that can take care of critically ill patients .","(were, true); (taking, true); ('re, true); (talk, true); (take, true); (have, true); (is, true)"
566,CMU/CNN_AARONBROWN_ENG_20051101_215800.partial-NEW.xml,LU Factuality: The problem though at any given time eighty to ninety percent of those ~ICU rooms are full so we just don't have the surge capacity and that's going to cost lots and lots of money to create a health system where we can take care not only of the ill now but the ill that might come in with a pandemic Paula .,"(are, true); (problem, true); (pandemic, false); (have, true); (might, true); (take, false); (come, unknown); (create, unknown); (cost, true)"
567,CMU/CNN_AARONBROWN_ENG_20051101_215800.partial-NEW.xml,LU Factuality: Uh let's talk about the other (( problem )) of the plan where the president will spend uh or wants to spend a billion dollars to stockpile antiviral medicine like (( Tamaflu )) and (( Rolenza )) .,"(talk, true); (problem, true); (plan, true); (wants, true); (spend, true)"
568,CMU/CNN_AARONBROWN_ENG_20051101_215800.partial-NEW.xml,LU Factuality: Do we even know if these two medications are going to be effective against a strain that hasn't even presented itself /?,"(presented, true); (know, unknown); (be, unknown)"
569,CMU/CNN_AARONBROWN_ENG_20051101_215800.partial-NEW.xml,LU Factuality: Here here's the important thing about that .,"('s, true)"
570,CMU/CNN_AARONBROWN_ENG_20051101_215800.partial-NEW.xml,LU Factuality: We don't know for sure .,"(know, true)"
571,CMU/CNN_AARONBROWN_ENG_20051101_215800.partial-NEW.xml,LU Factuality: A lot of people focusing a lot of energy on (( Tamaflu )) and (( Rolenza )) .,"(focusing, true)"
572,CMU/CNN_AARONBROWN_ENG_20051101_215800.partial-NEW.xml,LU Factuality: These are antiviral drugs .,"(are, true)"
573,CMU/CNN_AARONBROWN_ENG_20051101_215800.partial-NEW.xml,LU Factuality: they are not vaccines .,"(are, true)"
574,CMU/CNN_AARONBROWN_ENG_20051101_215800.partial-NEW.xml,LU Factuality: They are antiviral drugs uh designed to basically shorten uh how bad the flu might effect you uh try to lessen its impact .,"(designed, true); (shorten, true); (are, true); (try, true); (might, true); (impact, false); (effect, unknown)"
575,CMU/CNN_AARONBROWN_ENG_20051101_215800.partial-NEW.xml,LU Factuality: But we only know that it might work because of laboratory studies and animal studies uh uh in particular .,"(studies, true); (studies, true); (might, true); (know, true); (work, false)"
576,CMU/CNN_AARONBROWN_ENG_20051101_215800.partial-NEW.xml,LU Factuality: The way to really study it would be to knowingly expose people to bird flu .,"(study, true); (be, unknown); (expose, false); (would, true)"
577,CMU/CNN_AARONBROWN_ENG_20051101_215800.partial-NEW.xml,LU Factuality: and nobody will actually ever do that study for obvious reasons .,"(study, true); (do, true)"
578,CMU/CNN_AARONBROWN_ENG_20051101_215800.partial-NEW.xml,LU Factuality: So it's just theoretical really for the most part that those will work Paula .,"('s, true)"
579,CMU/CNN_AARONBROWN_ENG_20051101_215800.partial-NEW.xml,LU Factuality: Dr. Sanjay Gupto thanks for the update .,"(thanks, true)"
580,CMU/CNN_AARONBROWN_ENG_20051101_215800.partial-NEW.xml,LU Factuality: By the way are you catching a cold /?,"(catching, unknown)"
581,CMU/CNN_AARONBROWN_ENG_20051101_215800.partial-NEW.xml,LU Factuality: You know I just got back .,"(got, true); (know, true)"
582,CMU/CNN_AARONBROWN_ENG_20051101_215800.partial-NEW.xml,LU Factuality: and the ninteen hour plane ride .,"(ride, true)"
583,CMU/CNN_AARONBROWN_ENG_20051101_215800.partial-NEW.xml,LU Factuality: I can assure you that Paula .,"(assure, true)"
584,CMU/CNN_AARONBROWN_ENG_20051101_215800.partial-NEW.xml,LU Factuality: That's right .,"('s, true)"
585,CMU/CNN_AARONBROWN_ENG_20051101_215800.partial-NEW.xml,LU Factuality: Just what the doctor ordered .,"(ordered, true)"
586,CMU/CNN_AARONBROWN_ENG_20051101_215800.partial-NEW.xml,LU Factuality: Works all the time .,"(Works, true)"
587,CMU/CNN_AARONBROWN_ENG_20051101_215800.partial-NEW.xml,LU Factuality: I made a free house call for you doctor .,"(made, true)"
588,CMU/CNN_AARONBROWN_ENG_20051101_215800.partial-NEW.xml,"LU Factuality: Coming up on News Night Tonight , cooking a turkey is fine .","(is, true); (Coming, true); (cooking, true)"
589,CMU/CNN_AARONBROWN_ENG_20051101_215800.partial-NEW.xml,LU Factuality: (( appearing )) in one isn't .,"(appearing, true); (isn't, true)"
590,CMU/CNN_ENG_20030614_173123.4-NEW-1.xml,"LU Factuality: welcome back to ""people in the news. ""","(welcome, unknown)"
591,CMU/CNN_ENG_20030614_173123.4-NEW-1.xml,"LU Factuality: the intifada, the spontaneous 1987 palestinian uprising against the","(uprising, true)"
592,CMU/CNN_ENG_20030614_173123.4-NEW-1.xml,"LU Factuality: israeli occupation, heralded the rise of the muslim fundamentalism.","(occupation, true); (rise, true); (heralded, true)"
593,CMU/CNN_ENG_20030614_173123.4-NEW-1.xml,LU Factuality: in what had been a mostly secular palestinian movement.,"(been, true)"
594,CMU/CNN_ENG_20030614_173123.4-NEW-1.xml,"LU Factuality: the most popular of these groups hamas, an acronym for islamic resistance movement.","(movement, true)"
595,CMU/CNN_ENG_20030614_173123.4-NEW-1.xml,"LU Factuality: in english it means zeal, its aim -- the destruction of israel.","(aim, true); (means, true); (destruction, true)"
596,CMU/CNN_ENG_20030614_173123.4-NEW-1.xml,LU Factuality: hamas is an islamic movement.,"(is, true)"
597,CMU/CNN_ENG_20030614_173123.4-NEW-1.xml,"LU Factuality: at the very beginning, it was encouraged by israel because they thought it was a counter weight to palestinian nationalism which is, of course, a secular movement.","(thought, true); (encouraged, true); (was, true); (movement, true)"
598,CMU/CNN_ENG_20030614_173123.4-NEW-1.xml,"LU Factuality: hamas was founded in 1988 by a blind paraplegic cleric who was influenced by the islamic muslim brotherhood, with backing from israel, he set up sharities in the improverished strip in the 1970s.","(backing, true); (set, true); (founded, true); (influenced, true)"
599,CMU/CNN_ENG_20030614_173123.4-NEW-1.xml,"LU Factuality: slowly it became more and more politicized, and more and more extreme in its demands for an islamic state.","(extreme, true); (demands, true); (became, true); (politicized, true)"
600,CMU/CNN_ENG_20030614_173123.4-NEW-1.xml,LU Factuality: the extremism took the form of suicide bombings and terrorist attacks.,"(bombings, true); (attacks, true); (extremism, true); (took, true)"
601,CMU/CNN_ENG_20030614_173123.4-NEW-1.xml,LU Factuality: but hamas had already become an important part of palestinian society through its charity work and its influence increased over time by providing community services when the palestinian authority did not.,"(influence, true); (increased, true); (become, true); (work, true); (did, true); (services, true); (providing, true)"
602,CMU/CNN_ENG_20030614_173123.4-NEW-1.xml,LU Factuality: hamas plays on the palestinian authority's failure to produce.,"(plays, true); (produce, true); (failure, true)"
603,CMU/CNN_ENG_20030614_173123.4-NEW-1.xml,"LU Factuality: its basic message, the palestinian authority is corrupt, it fails to deliver, hamas is not corrupt.","(message, true); (is, false); (fails, false); (deliver, false); (is, false)"
604,CMU/CNN_ENG_20030614_173123.4-NEW-1.xml,LU Factuality: hamas cares about the person on the street and it does deliver.,"(cares, false); (deliver, false)"
605,CMU/CNN_ENG_20030614_173123.4-NEW-1.xml,"LU Factuality: unfortunately, those same charitable organizations, those same charity committees that funnel the funds to needier palestinians, also serve to support terrorist attacks.","(attacks, true); (serve, true); (funnel, true); (support, unknown)"
606,CMU/CNN_ENG_20030614_173123.4-NEW-1.xml,"LU Factuality: israel and the united states say arafat has not been tough enough on terrorism, and have attempted to force him out of the current peace process.","(process, true); (attempted, true); (say, true); (force, false); (been, false)"
607,CMU/CNN_ENG_20030614_173123.4-NEW-1.xml,LU Factuality: the prime minister known as abu mazen must now contend with the rejection of side by side palestinian and israeli states.,"(known, true); (must, true); (rejection, true); (contend, unknown)"
608,CMU/CNN_ENG_20030614_173123.4-NEW-1.xml,LU Factuality: a cornerstone of the new peace plan.,"(cornerston, true); (plan, true)"
609,CMU/CNN_ENG_20030614_173123.4-NEW-1.xml,LU Factuality: he's trying to get hamas to co- exist with israel.,"(trying, true); (get, unknown); (exist, false)"
610,CMU/CNN_ENG_20030614_173123.4-NEW-1.xml,LU Factuality: conservative israelis are skeptical.,"(are, true)"
611,CMU/CNN_ENG_20030614_173123.4-NEW-1.xml,"LU Factuality: he is not working against hamas, he is working in tandem.","(working, true); (working, true)"
612,CMU/CNN_ENG_20030614_173123.4-NEW-1.xml,LU Factuality: he is negotiating with them.,"(negotiating, true)"
613,CMU/CNN_ENG_20030614_173123.4-NEW-1.xml,"LU Factuality: he is not telling them to disband and regulate their weapons, so i have no faith in the ability of abu mazen to put terror aside.","(have, true); (telling, true); (disband, true); (regulate, true); (ability, false); (put, false)"
614,CMU/CNN_ENG_20030614_173123.4-NEW-1.xml,"LU Factuality: reporter: settlers call the just concluded israeli-american-palestinian summit a surrender, and were not impressed.","(call, true); (summit, true); (were, true); (surrender, false)"
615,CMU/CNN_ENG_20030614_173123.4-NEW-1.xml,"LU Factuality: translator: the armed intifada must end and we must use and resort to peaceful means in our quest to end the occupation and the suffering of the palestinians, and the israelis, and to establish the palestinian state.","(end, true); (quest, true); (suffering, true); (occupation, true); (must, true); (means, true); (must, true); (end, unknown); (establish, unknown); (resort, unknown); (use, unknown)"
616,CMU/CNN_ENG_20030614_173123.4-NEW-1.xml,LU Factuality: hamas and other palestinian militant group rejected abbas' call to end their attacks with a deadly raid on an israeli army outpost in gaza.,"(call, true); (rejected, true); (raid, true); (attacks, true); (end, unknown)"
617,CMU/CNN_ENG_20030614_173123.4-NEW-1.xml,LU Factuality: we are all saying that the resistance will continue despite the summit in aqaba.,"(resistance, true); (saying, true); (summit, true); (continue, true)"
618,CMU/CNN_ENG_20030614_173123.4-NEW-1.xml,"LU Factuality: israel retaliated on hamas, namely al-rantissi, it missed him and killed civilians.","(retaliated, true); (missed, true); (killed, true)"
619,CMU/CNN_ENG_20030614_173123.4-NEW-1.xml,"LU Factuality: translator: hamas will not drop our weapons, even if all leaders are assassinated.","(drop, true); (assassinated, false)"
620,CMU/CNN_ENG_20030614_173123.4-NEW-1.xml,"LU Factuality: reporter: since the second intifada began in 2000, over 700 israelis have been killed, during the same time there have been more than 2,000 palestinian deaths according to the red crescent.","(according, true); (killed, true); (been, true)"
621,CMU/CNN_ENG_20030614_173123.4-NEW-1.xml,LU Factuality: including hamas leaders targeted for assassination.,"(assassination, true); (targeted, true)"
622,CMU/CNN_ENG_20030614_173123.4-NEW-1.xml,"LU Factuality: if you want an end to terrorism, if you want an end to violence, you have to give people hope and you have to give them a stake in the political process.","(want, true); (stake, true); (process, true); (hope, true); (have, true); (want, true); (have, true); (give, unknown); (give, unknown)"
623,CMU/CNN_ENG_20030614_173123.4-NEW-1.xml,"LU Factuality: i think that hamas is ready to join the political process, however, if the only price for the political price is you must fight hamas, if that's what they are requiring abu mazen to do, they are almost mandating that he will fail.","(think, true); (is, true); (mandating, true); (requiring, true); (must, true); (process, true); (do, unknown); (join, false); (fail, true)"
624,CMU/CNN_ENG_20030614_173123.4-NEW-1.xml,"LU Factuality: the main test of mahmoud abbas, will be to establish an overall command of all armed groups, if not, it doesn't have a chance.","(have, true); (test, true); (command, true); (be, true)"
625,CMU/CNN_ENG_20030614_173123.4-NEW-1.xml,"LU Factuality: you know, leaders have to do things","(know, true); (have, true); (do, unknown)"
626,CMU/ENRON-pearson-email-25jul02.xml,LU Factuality: Subject: RE: Unclassified rules,"(rules, true)"
627,CMU/ENRON-pearson-email-25jul02.xml,LU Factuality: WHAT'S BEEN GOING ON AMIGO.  ,"(GOING, unknown)"
628,CMU/ENRON-pearson-email-25jul02.xml,LU Factuality: I HAVE NOT TALKED TO YOU IN A WHILE.  ,"(TALKED, true)"
629,CMU/ENRON-pearson-email-25jul02.xml,LU Factuality: GIVE YOU THE SCOPE OF WHATS BEEN GOING ON WITH ME.  ,"(GIVE, true); (SCOPE, true); (GOING, true)"
630,CMU/ENRON-pearson-email-25jul02.xml,LU Factuality: I LEFT OILSTATES BACK IN MARCH WITH ANOTHER COMPANY.  ,"(LEFT, true)"
631,CMU/ENRON-pearson-email-25jul02.xml,LU Factuality: DID A LOT OF TRAVELING AND THEY (OILSTATES) MADE ME A SWEET OFFER TO COME BACK.,"(DID, true); (TRAVELING, true); (MADE, true); (OFFER, true); (COME, true)"
632,CMU/ENRON-pearson-email-25jul02.xml,LU Factuality: SO I AM BACK.,"(AM, true)"
633,CMU/ENRON-pearson-email-25jul02.xml,LU Factuality: WHO'S GETTING MARRIED?  ,"(GETTING, unknown)"
634,CMU/ENRON-pearson-email-25jul02.xml,LU Factuality: SOUNDS LIKE THIS IS GOING TO BE A GREAT BACHELOR PARTY.  ,"(SOUNDS, true); (BE, true)"
635,CMU/ENRON-pearson-email-25jul02.xml,LU Factuality: GIVE ME A CALL SOMETIME CELL: 713 991 - 5621.,"(GIVE, true); (CALL, false)"
692,CMU/enron-thread-159550.xml,"LU Factuality: I have completed the invoices for April, May and June and we owe Pasadena each month for a total of $3,615,910.62.","(completed, true); (owe, true)"
693,CMU/enron-thread-159550.xml,LU Factuality: I am waiting to hear back from Patti on May and June to make sure they are okay with her.,"(make, unknown); (waiting, true); (hear, true); (are, true)"
694,CMU/enron-thread-159550.xml,LU Factuality: Do you want me to pay Pasadena on Friday for these months or do you want me to hold off until I finish July and August?  ,"(pay, unknown); (want, unknown); (finish, unknown); (hold, unknown); (want, unknown)"
695,CMU/enron-thread-159550.xml,"LU Factuality: Again, I do not have all of the information for July and August, so I cannot give you any numbers.","(have, true); (give, true)"
696,CMU/enron-thread-159550.xml,"LU Factuality: If I go by what is currently in the system as a guide, Pasadena would owe Enron a little over $1 mil.","(would, true); (is, true); (go, true); (owe, unknown)"
697,CMU/enron-thread-159550.xml,"LU Factuality: I need to forecast the money today, so please let me know what you would like to do.","(would, true); (need, true); (let, true); (do, unknown); (like, unknown); (forecast, unknown)"
698,CMU/enron-thread-159550.xml,LU Factuality: FYI-I will be out of the office all next week.,"(be, true)"
699,CMU/enron-thread-159550.xml,LU Factuality: Thanks you so much for working on these as fast as you have - there was a priority in getting them out.,"(getting, true); (Thanks, true); (working, true); (was, true)"
700,CMU/enron-thread-159550.xml,"LU Factuality: However, as you know, the less cash outlay that we have right now the better.","(know, true); (outlay, true); (have, true); (better, true)"
701,CMU/enron-thread-159550.xml,LU Factuality: Lets wait and try to offset the amount we owe them with what they owe us - so I say wait until you get July and August done.,"(offset, true); (get, false); (wait, true); (done, false); (say, true); (owe, true); (wait, true); (owe, true); (try, true)"
702,CMU/enron-thread-159550.xml,LU Factuality: What do you think the time frame is on this?  ,"(think, unknown); (is, unknown)"
703,CMU/enron-thread-159550.xml,LU Factuality: And when would be the earliest that we would make the payment?,"(payment, false); (make, unknown); (be, unknown); (would, unknown); (would, unknown)"
704,CMU/enron-thread-159550.xml,"LU Factuality: Thanks,","(Thanks, unknown); (Thanks, unknown)"
705,CMU/enron-thread-159550.xml,"LU Factuality: Patti is the one with the details, I'm just the deal maker and don't have access to any of the systems.","(details, true); (is, true); (have, true); ('m, true)"
706,CMU/enron-thread-159550.xml,LU Factuality: All I know is what fixed priced baseload deals we have.,"(have, true); (is, true); (know, true)"
707,CMU/enron-thread-159550.xml,LU Factuality: I have no idea what flows.,"(have, true); (flows, true)"
708,CMU/enron-thread-159550.xml,LU Factuality: I hope Patti can help you soon.,"(help, unknown); (hope, true)"
709,CMU/enron-thread-159550.xml,LU Factuality: Let me know if you don't hear from her today.,"(hear, false); (Let, true)"
710,CMU/enron-thread-159550.xml,"LU Factuality: If I can get all of the information today, I can tell you this afternoon.","(information, true); (tell, true); (get, true)"
711,CMU/enron-thread-159550.xml,LU Factuality: It doesn't take long to create the calc sheets.,"(create, unknown); (take, true)"
712,CMU/enron-thread-159550.xml,LU Factuality: I understand from Janine that you or Patti can provide me with the detail that I need.,"(provide, true); (detail, true); (understand, true); (need, true)"
713,CMU/enron-thread-159550.xml,"LU Factuality: If necessary, I can come pick it up.","(necessary, false); (come, true)"
714,CMU/enron-thread-159550.xml,LU Factuality: I have sent Patti a list.,"(sent, true); (list, true)"
715,CMU/enron-thread-159550.xml,"LU Factuality: For payment, we have to forecast the money two days out.","(forecast, unknown); (payment, true); (have, true)"
716,CMU/enron-thread-159550.xml,"LU Factuality: So, if I know today, I can pay on Friday.","(pay, true); (know, true)"
717,CMU/enron-thread-159550.xml,LU Factuality: thats fine - we can't pay them anyway,"(pay, true); (s, true)"
718,CMU/enron-thread-159550.xml,LU Factuality: On payment...,"(payment, true)"
719,CMU/enron-thread-159550.xml,LU Factuality: We are now having to forecast five days out.,"(forecast, unknown); (having, true)"
720,CMU/enron-thread-159550.xml,"LU Factuality: If I don't know today, I cannot pay Pasadena until next Thursday.","(pay, true); (know, true)"
721,CMU/wsj_2465.xml,"LU Factuality: We don't know who is winning the drug war in Latin America, but we know who's losing it -- the press.","(winning, true); (know, true); (winning, true); (war, true); (know, true); (losing, true)"
722,CMU/wsj_2465.xml,"LU Factuality: Over the past six months, six journalists have been killed and 10 kidnapped by drug traffickers or leftist guerrillas -- who often are one and the same -- in Colombia.","(killed, true); (are, true); (kidnapped, true)"
723,CMU/wsj_2465.xml,"LU Factuality: Over the past 12 years, at least 40 journalists have died there.","(died, true)"
724,CMU/wsj_2465.xml,"LU Factuality: The attacks have intensified since the Colombian government began cracking down on the traffickers in August, trying to prevent their takeover of the country.","(intensified, true); (cracking, true); (began, true); (trying, true); (takeover, false); (prevent, unknown)"
725,CMU/wsj_2465.xml,"LU Factuality: The slaughter in Colombia was very much on the minds of 450 editors and publishers from Latin America, the United States, the Caribbean and Canada attending the 45th general assembly of the Inter-American Press Association in Monterrey, Mexico, this week.","(slaughter, true); (attending, true); (was, true); (assembly, true)"
726,CMU/wsj_2465.xml,"LU Factuality: On Tuesday the conference got word of another atrocity, the assassination in Medellin of two employees of El Espectador, Colombia's second-largest newspaper.","(conference, true); (atrocity, true); (got, true); (assassination, true)"
727,CMU/wsj_2465.xml,"LU Factuality: The paper's local administrator, Maria Luz Lopez, was shot dead, and her mother wounded, while her car was stopped for a red light.","(wounded, true); (stopped, true); (shot, true)"
728,CMU/wsj_2465.xml,LU Factuality: The drug lords who claimed responsibility said they would blow up the Bogota newspaper's offices if it continued to distribute in Medellin.,"(claimed, true); (said, true); (blow, true); (continued, false); (distribute, false)"
729,CMU/wsj_2465.xml,"LU Factuality: They bombed the Bogota offices last month, destroying its computer and causing $2.5 million in damage.","(bombed, true); (destroying, true); (causing, true); (damage, true)"
730,CMU/wsj_2465.xml,LU Factuality: El Espectador has been a special target because of the extraordinary courage of its publisher and his staff.,"(been, true); (courage, true)"
731,CMU/wsj_2465.xml,"LU Factuality: At Monterrey, publisher Luis Gabriel Cano, although shaken by the murders, issued a statement saying: ""We will not cease our fight against drug trafficking.","(issued, true); (statement, true); (shaken, true); (murders, true); (saying, true); (trafficking, false); (fight, false); (cease, false)"
732,CMU/wsj_2465.xml,"LU Factuality: They want to terrify the press and in particular El Espectador because it has always been a torchbearer in this war.""","(want, false); (been, false); (war, false)"
733,CMU/wsj_2465.xml,"LU Factuality: This comes from a man whose brother, Guillermo, was murdered in 1986.","(murdered, true); (comes, true)"
734,CMU/wsj_2465.xml,"LU Factuality: The publishers in Monterrey command no battalions, but they agreed to express their outrage with editorials in today's editions.","(command, true); (agreed, true); (outrage, false); (express, false); (editorials, false)"
735,CMU/wsj_2465.xml,LU Factuality: Many will use a common editorial.,"(editorial, true); (use, true)"
736,CMU/wsj_2465.xml,LU Factuality: A final statement yesterday said: ,"(said, true); (statement, true)"
737,CMU/wsj_2465.xml,"LU Factuality: ""While some advances are being made in nations throughout the hemisphere, the state of press freedom in the Americas still must be regarded as grim as long as journalists and their families are subject to the crudest form of censorship: death by assassination.""","(freedom, false); (must, false); (made, false); (state, false); (advances, false); (assassination, false); (death, false); (censorship, false); (are, false); (regarded, unknown)"
738,CMU/wsj_2465.xml,LU Factuality: The report charged that Panama's Manuel Noriega is not only in league with the drug traffickers but also is bullying the press as never before.,"(report, true); (charged, true); (bullying, false); (is, false)"
739,CMU/wsj_2465.xml,"LU Factuality: ""Noriega has closed every independent newspaper, radio and television station and arrested, tortured or forced into exile a long list of reporters,"" the statement declared.","(declared, true); (statement, true); (arrested, false); (closed, false); (forced, false); (tortured, false)"
740,CMU/wsj_2465.xml,"LU Factuality: It added: ""In Cuba, public enemy No. 1 of press freedoms in the hemisphere, repression of journalists both Cuban and foreign is worse than ever.""","(added, true); (is, false); (repression, false); (enemy, false); (freedoms, false)"
741,CMU/wsj_2465.xml,"LU Factuality: And in Nicaragua, promises of press freedom by the Sandinistas ""have not materialized.""","(materialized, false); (promises, false); (freedom, false)"
742,CMU/wsj_2465.xml,"LU Factuality: As it happens, the four countries cited, Colombia, Cuba, Panama and Nicaragua, are not only where the press is under greatest attack but also are linked by the drug trade and left-wing politics.","(linked, true); (attack, true); (are, true); (cited, true); (trade, true); (politics, true)"
743,CMU/wsj_2465.xml,LU Factuality: Noriega is close to Castro and may once have been his agent.,"(is, true); (may, true); (been, unknown)"
744,CMU/wsj_2465.xml,LU Factuality: Sandinistas Thomas Borge and the Ortega brothers are Castro proteges; he backed their takeover of Nicaragua.,"(are, true); (backed, true); (takeover, true)"
745,CMU/wsj_2465.xml,"LU Factuality: In Colombia, the drug-financed guerrillas trying to seize the country and destroy democracy include M-19, which Castro has clearly backed.","(trying, true); (include, true); (backed, true); (destroy, unknown); (seize, unknown)"
746,CMU/wsj_2465.xml,"LU Factuality: Robert Merkel, a former U.S. attorney handling drug indictments in Florida, doesn't think for a minute that Castro's much publicized trials of high officials engaged in the drug trade mean he has broken off with the Medellin drug cartel.","(think, true); (trials, true); (engaged, true); (trade, true); (handling, true); (indictments, true); (broken, true); (mean, true)"
747,CMU/wsj_2465.xml,"LU Factuality: ""If the cartel succeeds in blackmailing the Colombian authorities into negotiations, the cartel will be in control and Fidel can exploit his past relationships with them,"" he told the Journal's David Asman recently.","(told, true); (exploit, false); (succeeds, false); (relationships, false); (blackmailing, false); (negotiations, false); (be, false)"
748,CMU/wsj_2465.xml,LU Factuality: The struggle against the drug lords in Colombia will be a near thing.,"(struggle, true); (be, true)"
749,CMU/wsj_2465.xml,"LU Factuality: This week, the government arrested Jose Abello Silva, said to be the fourth-ranking cartel leader.","(said, true); (arrested, true); (be, false); (leader, false)"
750,CMU/wsj_2465.xml,LU Factuality: He will probably be extradited to the U.S. for trial under an extradition treaty President Virgilia Barco has revived.,"(revived, true); (extradited, false)"
751,CMU/wsj_2465.xml,"LU Factuality: Later, another high-ranking trafficker, Leonidas Vargas, was arrested and 1,000 pounds of dynamite seized.","(arrested, true); (seized, true)"
752,CMU/wsj_2465.xml,LU Factuality: Mr. Barco has refused U.S. troops or advisers but has accepted U.S. military aid.,"(refused, true); (aid, true); (accepted, true)"
753,CMU/wsj_2465.xml,"LU Factuality: President Bush has agreed to meet within 90 days with Mr. Barco, President Alan Garcia of Peru and President Jaime Paz Zamora of Bolivia to discuss the drug problem.","(problem, true); (agreed, true); (discuss, unknown); (meet, false)"
754,CMU/wsj_2465.xml,"LU Factuality: It might not be a bad idea to do that sooner, rather than later.","(do, true); (might, true); (be, unknown)"
755,CMU/wsj_2465.xml,"LU Factuality: After the Panama fiasco, they will need some reassurance.","(fiasco, true); (need, true); (reassurance, true)"
756,CMU/wsj_2465.xml,"LU Factuality: Certainly, the Colombian press is much in need of that.","(is, true)"
